{
  "泡泡": {
    "type": "biaoqing",
    "baseURL": "{BIAOQING_PAOPAO_PATH}",
    "suffix": ".png",
    "retinaSuffix": "_2x.png",
    "input": "@({NAME})",
    "imgClass": "biaoqing newpaopao",
    "container": [
      "呵呵",		"哈哈",		"吐舌",		"太开心",	"笑眼",		"花心",	"小乖",	"乖",
      "捂嘴笑",	    "滑稽",		"你懂的",	"不高兴",	"怒",		"汗",	"黑线",	"泪",
      "真棒",		"喷",		"惊哭",		"阴险",		"鄙视",		"酷",	"啊",	"狂汗",
      "what",		"疑问",		"酸爽",		"呀咩爹",	"委屈",		"惊讶",	"睡觉",	"笑尿",
      "挖鼻",		"吐",		"犀利",		"小红脸",	"懒得理",	"勉强",	"爱心",	"心碎",
      "玫瑰",		"礼物",		"彩虹",		"太阳",		"星星月亮",	"钱币",	"茶杯",	"蛋糕",
      "大拇指",	    "胜利",		"haha",		"OK",		"沙发",		"手纸",	"香蕉",	"便便",
      "药丸",		"红领巾",	"蜡烛",		"音乐",		"灯泡"
    ]
  },
  "阿鲁": {
    "type": "biaoqing",
    "baseURL": "{BIAOQING_ARU_PATH}",
    "suffix": ".png",
    "retinaSuffix": "_2x.png",
    "input": "#({NAME})",
    "imgClass": "biaoqing aru alu",
    "container": [
      "高兴",		"不高兴",	"皱眉",		"邪恶",		"大囧",		"惊喜",		"小眼睛",
      "小怒",		"无语",		"傻笑",		"期待",		"呲牙",		"喜极而泣",
      "脸红",		"亲亲",		"狂汗",		"得意",		"抠鼻",		"抽烟",
      "内伤",		"口水",		"吐",		"吐舌",		"不说话",	"不出所料",
      "装大款",	    "尴尬",		"喷水",		"喷血",		"咽气",		"愤怒",
      "赞一个",	    "中指",		"看不见",	"无所谓",	"欢呼",		"无奈",
      "害羞",		"想一想",	"鼓掌",		"观察",		"锁眉",		"黑线",
      "汗",		    "哭泣",		"阴暗",		"暗地观察",	"蜡烛",		"投降",
      "吐血倒地",	"便便",		"长草",		"肿包",		"坐等",		"看热闹",
      "深思",		"献花",		"献黄瓜",	"中枪",		"击掌",		"扇耳光",	"中刀"
    ]
  },
  "颜文字": {
    "type": "emoticon",
    "container": [
      {
        "icon": "OωO",
        "text": "Author: DIYgod"
      },
      {
        "icon": "|´・ω・)ノ",
        "text": "Hi"
      },
      {
        "icon": "ヾ(≧∇≦*)ゝ",
        "text": "开心"
      },
      {
        "icon": "(☆ω☆)",
        "text": "星星眼"
      },
      {
        "icon": "（╯‵□′）╯︵┴─┴",
        "text": "掀桌"
      },
      {
        "icon": "￣﹃￣",
        "text": "流口水"
      },
      {
        "icon": "(/ω＼)",
        "text": "捂脸"
      },
      {
        "icon": "∠( ᐛ 」∠)＿",
        "text": "给跪"
      },
      {
        "icon": "(๑•̀ㅁ•́ฅ)",
        "text": "Hi"
      },
      {
        "icon": "→_→",
        "text": "斜眼"
      },
      {
        "icon": "୧(๑•̀⌄•́๑)૭",
        "text": "加油"
      },
      {
        "icon": "٩(ˊᗜˋ*)و",
        "text": "有木有WiFi"
      },
      {
        "icon": "(ノ°ο°)ノ",
        "text": "前方高能预警"
      },
      {
        "icon": "(´இ皿இ｀)",
        "text": "我从未见过如此厚颜无耻之人"
      },
      {
        "icon": "⌇●﹏●⌇",
        "text": "吓死宝宝惹"
      },
      {
        "icon": "(ฅ´ω`ฅ)",
        "text": "已阅留爪"
      },
      {
        "icon": "(╯°A°)╯︵○○○",
        "text": "去吧大师球"
      },
      {
        "icon": "φ(￣∇￣o)",
        "text": "太萌惹"
      },
      {
        "icon": "ヾ(´･ ･｀｡)ノ\"",
        "text": "咦咦咦"
      },
      {
        "icon": "( ง ᵒ̌皿ᵒ̌)ง⁼³₌₃",
        "text": "气呼呼"
      },
      {
        "icon": "(ó﹏ò｡)",
        "text": "我受到了惊吓"
      },
      {
        "icon": "Σ(っ °Д °;)っ",
        "text": "什么鬼"
      },
      {
        "icon": "( ,,´･ω･)ﾉ\"(´っω･｀｡)",
        "text": "摸摸头"
      },
      {
        "icon": "╮(╯▽╰)╭ ",
        "text": "无奈"
      },
      {
        "icon": "o(*////▽////*)q ",
        "text": "脸红"
      },
      {
        "icon": "＞﹏＜",
        "text": ""
      },
      {
        "icon": "( ๑´•ω•) \"(ㆆᴗㆆ)",
        "text": ""
      },
      {
        "icon": "(｡•ˇ‸ˇ•｡)",
        "text": ""
      }
    ]
  }
}